CT,Total,Aboriginal,North American ,European,Carribean,Latin,African,Oceania,Middle Eastern,South Asian,East Asian,Other Asian
0000.00,5521235,64725,768350,2813395,308425,185910,221595,9040,250155,857575,986860,11625
0001.00,605,85,205,325,75,0,0,0,0,0,135,0
0002.00,645,0,120,640,0,0,0,0,0,0,0,0
0004.00,6445,190,575,3285,290,220,405,0,110,320,1975,30
0005.00,5220,115,735,2495,360,200,365,0,130,495,1235,10
0007.01,3220,35,455,1530,140,75,260,45,60,235,835,0
0007.02,4795,115,625,2410,295,210,285,0,150,455,995,25
0008.00,9225,175,1245,5880,385,410,535,45,450,730,1345,0
0010.01,4575,70,820,3280,230,125,240,20,135,225,570,0
0010.02,6855,250,1075,5145,190,280,270,35,195,305,995,0
0011.00,8510,145,1245,5335,125,250,345,75,485,645,1450,0
0012.01,5910,125,1000,3020,190,125,240,20,345,490,1555,0
0012.02,10645,115,1455,5755,275,455,380,0,840,1265,2180,35
0013.00,10585,120,1090,5745,430,260,610,25,700,1295,2145,80
0015.00,3330,70,430,2175,140,80,120,0,160,225,565,0
0016.00,5780,90,1050,3925,145,215,200,0,350,465,785,0
0017.00,6855,270,1095,4540,375,255,665,20,290,345,895,0
0018.00,1980,25,445,1405,65,35,10,0,0,10,365,0
0019.00,2905,100,495,1565,100,25,175,0,30,105,940,0
0020.00,2285,10,550,1910,30,0,15,10,20,65,245,0
0021.00,5080,150,1065,4405,55,135,85,50,65,95,250,0
0022.00,3775,110,995,3205,215,30,70,45,45,105,175,0
0023.00,3300,90,900,2865,30,55,65,0,45,90,165,0
0024.00,6505,190,1600,5665,160,110,325,70,135,210,365,0
0025.00,3295,115,750,2595,15,75,210,20,20,165,320,0
0026.00,6330,135,1280,3805,315,100,150,15,140,550,1685,0
0027.00,4370,200,725,2290,190,65,120,0,75,190,1540,0
0028.00,5840,150,1035,3505,145,115,180,75,105,290,1545,0
0029.00,6340,95,885,2895,205,95,235,20,110,335,2770,0
0030.00,3090,75,320,1375,100,115,335,0,70,550,645,0
0031.00,6225,90,665,1120,350,110,920,0,105,2185,1415,0
0032.00,4175,165,680,2655,105,175,530,0,135,145,580,0
0033.00,4390,70,650,1980,270,280,885,0,135,345,575,0
0034.01,4230,45,435,2035,110,155,165,0,295,330,1300,25
0034.02,4955,85,695,2555,450,280,425,0,265,280,915,0
0035.00,7180,45,590,2480,290,150,270,35,1025,625,2570,175
0036.00,4910,75,665,2055,100,155,195,0,165,250,2170,45
0037.00,4585,55,475,1600,60,30,105,0,325,210,2240,0
0038.00,3880,35,570,1680,60,40,95,0,40,70,1780,0
0039.00,4620,35,495,1285,265,200,400,0,170,185,2385,0
0040.00,4875,95,530,2695,50,100,55,30,35,75,1845,0
0041.00,3435,50,385,2085,30,40,135,0,30,100,1095,0
0042.00,4455,95,505,3600,115,90,55,60,35,65,615,0
0043.00,3735,25,595,2995,25,65,65,25,95,65,475,0
0044.00,4915,75,630,4025,90,135,155,20,65,65,465,0
0045.00,3610,35,325,2605,155,185,75,0,0,170,785,0
0046.00,3295,130,385,2220,155,180,190,0,70,160,555,0
0047.01,3430,70,650,2600,110,30,45,0,0,395,290,0
0047.02,4185,65,475,2135,145,195,205,0,45,455,930,0
0048.00,3405,35,525,2905,15,40,55,0,95,95,235,0
0049.00,3215,65,775,2790,95,55,40,0,25,80,205,0
0050.01,6820,40,1100,5695,90,155,135,0,145,120,725,0
0050.02,5950,40,1190,4585,200,220,145,45,200,240,505,0
0051.00,5305,100,875,4495,120,55,50,45,125,260,395,0
0052.00,3855,95,595,3160,95,130,85,0,50,110,365,0
0053.00,5635,120,590,4195,95,465,100,0,100,230,645,0
0054.00,5745,150,550,3635,185,230,245,0,250,660,875,0
0055.00,2680,40,450,1940,65,155,130,0,130,175,285,0
0056.00,4775,55,590,3750,200,110,75,0,55,85,670,0
0057.00,2360,50,285,1855,30,35,30,0,50,60,325,0
0058.00,3870,75,755,2980,55,225,150,0,65,35,585,0
0059.00,3430,40,760,2410,45,50,55,0,115,185,630,0
0060.00,2400,0,280,1545,75,20,75,0,50,110,670,0
0061.00,755,0,70,365,0,55,40,0,20,25,290,0
0062.01,4980,60,490,2415,120,215,160,0,370,530,1385,0
0062.02,6375,50,530,3090,170,170,205,45,605,605,1960,35
0063.01,8235,240,1230,5170,155,180,215,100,435,585,1515,0
0063.02,6840,160,1245,4535,150,300,305,0,335,365,1035,0
0064.00,3675,120,650,2245,130,180,130,35,205,485,430,0
0065.00,13915,185,1290,3500,645,400,1360,0,430,3030,4495,85
0066.00,7370,145,1245,4840,180,275,145,0,355,445,1230,30
0067.00,1660,75,405,1480,30,0,40,0,20,40,85,0
0068.00,2325,20,405,1785,65,35,0,0,30,130,335,0
0069.00,5220,90,870,3475,100,115,75,45,60,145,1435,0
0070.00,3230,65,660,2620,70,75,80,30,20,60,405,0
0071.00,3485,50,825,2880,160,80,80,0,20,40,350,0
0072.01,4620,210,650,2540,310,180,410,0,250,300,850,0
0072.02,3090,30,610,2210,85,25,65,0,95,190,415,0
0073.00,2725,90,250,1005,85,10,90,0,0,185,1375,0
0074.00,3620,115,775,1670,380,40,85,50,100,380,895,0
0075.00,4050,90,545,2605,195,55,165,25,65,275,815,0
0076.00,3905,35,855,2670,260,90,100,15,70,205,570,0
0077.00,4470,170,1030,3210,110,125,210,55,75,290,470,0
0078.00,5835,195,1225,4640,210,140,165,20,185,85,480,0
0079.00,6825,230,1705,5530,310,50,220,0,75,265,645,0
0080.01,3410,35,675,2525,140,80,50,10,80,175,445,0
0080.02,4405,90,770,1435,385,165,245,0,170,990,1025,0
0081.00,2740,40,470,1970,50,60,100,0,35,100,550,0
0082.00,2625,45,555,1995,35,50,20,0,25,80,475,0
0083.00,4010,85,770,2965,75,35,65,0,165,460,415,0
0084.00,3620,75,765,2990,85,60,70,20,75,65,335,0
0085.00,3880,160,710,2905,150,95,90,0,145,185,435,0
0086.00,2655,55,805,2180,0,0,25,40,65,70,125,0
0087.00,4995,45,830,4310,50,60,45,50,100,170,260,0
0088.00,2780,15,300,1765,100,70,70,0,120,125,600,0
0089.00,3130,100,360,2345,35,50,85,0,355,100,310,0
0090.00,3520,30,580,2840,105,65,45,0,115,185,305,0
0091.01,5285,120,780,4140,160,70,100,65,245,140,715,0
0091.02,3175,40,535,2240,85,80,175,0,200,110,270,0
0092.00,7055,195,1235,5210,180,160,185,60,260,190,990,0
0093.00,5260,75,845,4170,100,85,210,50,90,175,685,0
0094.00,5050,115,755,3500,145,110,175,0,40,125,1090,0
0095.00,3130,35,355,2445,105,115,60,0,85,155,465,0
0096.00,4935,90,600,3605,130,370,110,20,90,160,680,0
0097.01,4135,20,430,1945,180,290,110,0,190,735,710,0
0097.02,5360,105,470,3565,350,215,240,0,95,295,745,10
0098.00,6785,100,885,4215,505,540,295,0,160,305,1020,0
0099.00,6325,165,960,3900,205,435,265,0,420,355,940,0
0101.00,3025,60,530,2355,120,175,0,0,85,60,260,0
0102.01,1505,0,320,1250,0,0,0,20,80,35,110,0
0102.02,4255,30,785,3165,50,125,215,0,215,235,300,0
0102.03,3120,0,285,2550,50,145,25,10,230,140,230,0
0103.00,5785,70,830,4930,70,90,70,0,125,130,590,0
0104.00,5305,140,1130,4400,95,95,100,15,125,205,505,0
0105.00,4405,140,950,3275,130,135,115,0,70,150,330,0
0106.00,3865,40,275,1585,170,265,100,0,60,325,1420,15
0107.00,5865,45,575,3450,400,770,190,0,40,185,1080,0
0108.00,6135,105,680,3675,685,320,740,0,65,375,550,0
0109.00,4955,105,625,3310,250,190,130,0,95,220,820,0
0110.00,3415,15,230,2365,300,395,255,15,50,105,540,0
0111.00,2480,80,195,1955,140,245,40,0,0,150,75,0
0112.00,5000,45,575,3710,160,420,110,0,50,125,460,0
0113.00,2660,95,530,1875,250,290,70,0,25,35,150,0
0114.00,5045,55,800,4010,215,240,135,0,35,100,535,0
0115.00,4070,100,330,2645,180,290,285,0,110,100,920,0
0116.00,3670,85,585,2655,205,100,140,0,85,115,550,0
0117.00,2090,20,415,1680,50,55,55,15,30,70,145,0
0118.00,3865,35,710,3095,70,145,265,30,105,150,340,0
0119.00,4450,45,640,3680,95,115,125,0,145,105,435,0
0120.00,1365,0,310,1175,0,0,15,0,45,30,155,0
0121.00,2080,0,415,1665,30,25,45,0,55,60,100,0
0122.00,5930,65,1010,5070,70,100,50,25,280,140,380,0
0123.00,2155,50,295,1590,50,50,60,0,200,130,155,0
0124.00,5230,60,930,4165,50,120,120,0,205,110,370,35
0125.00,4505,35,1175,3880,40,70,125,70,130,40,280,0
0126.00,4105,95,1010,3395,20,45,105,0,125,130,320,0
0127.00,5365,55,1115,4425,125,65,85,0,115,145,525,0
0128.02,8120,45,1330,5710,250,270,225,25,690,245,1110,0
0128.03,4725,90,935,2790,205,200,110,0,430,355,680,0
0128.04,4105,30,655,2745,200,195,175,0,205,285,390,0
0129.00,4940,75,1110,3935,55,100,60,0,105,80,520,0
0130.00,3585,0,625,2935,60,20,35,0,100,100,315,0
0131.00,5405,30,875,4575,85,80,50,10,130,90,430,0
0132.00,5440,30,705,4230,65,110,150,0,280,180,775,0
0133.00,6900,25,960,4630,195,365,365,20,285,55,1135,0
0134.00,2755,50,580,2385,15,85,25,15,85,40,235,0
0135.00,5625,100,1175,4220,85,195,145,0,290,170,640,0
0136.01,6070,55,720,4155,125,280,285,0,435,285,930,0
0136.02,4995,75,595,3330,125,145,185,0,310,400,835,0
0137.00,6510,70,1400,4890,180,140,250,25,265,180,545,0
0138.00,3120,0,1025,2645,40,45,120,55,70,15,170,0
0139.00,6670,105,1615,5235,85,130,85,80,180,135,830,0
0140.00,2520,0,785,2050,25,25,0,0,55,50,165,0
0141.01,4250,65,985,3305,70,0,20,175,85,205,560,0
0141.02,4600,30,1210,3670,95,65,40,25,100,70,435,0
0142.00,5655,50,1275,4460,80,160,100,70,140,155,675,0
0150.00,4190,60,1065,3715,135,35,25,0,55,40,175,0
0151.00,3640,60,565,2260,180,280,710,0,110,70,135,0
0152.00,4310,75,665,3450,45,70,125,0,140,205,485,0
0153.00,4600,75,490,2770,300,435,110,0,30,280,1010,0
0154.00,5795,95,725,4435,210,570,95,0,50,200,505,0
0155.00,3420,130,205,1680,415,290,560,0,15,60,395,0
0156.01,5815,55,540,2290,730,1080,410,0,45,500,1140,30
0156.02,2625,0,390,1435,145,260,90,0,0,225,445,0
0157.00,2640,55,370,1185,200,540,250,0,60,125,340,0
0158.00,2155,65,145,870,420,115,80,0,15,230,440,50
0159.01,3835,40,165,2015,465,195,195,0,0,400,670,0
0159.02,4560,25,240,3070,385,320,135,0,90,130,545,0
0160.00,3260,85,150,2385,290,145,30,0,20,30,390,0
0161.00,6615,75,555,3900,390,905,230,0,50,355,1110,0
0162.00,4805,110,345,2860,400,470,220,0,170,310,815,0
0163.00,4325,35,430,3020,310,430,285,0,100,125,555,0
0164.00,6320,35,800,3805,870,315,455,30,75,160,835,0
0165.00,4295,130,680,3240,210,170,110,0,125,85,510,0
0166.00,4120,15,710,3190,160,165,115,0,150,150,495,0
0167.01,1590,0,110,1360,25,75,40,0,0,75,125,0
0167.02,5620,70,605,3550,375,300,245,0,145,130,1250,20
0168.00,5415,60,370,2905,625,420,185,0,70,225,1440,0
0169.01,3430,30,485,1440,330,130,265,0,25,150,1155,0
0169.02,7425,35,635,4510,495,640,375,0,245,240,1420,0
0170.00,3445,0,365,1845,155,360,145,0,10,190,805,50
0171.00,3920,0,255,1845,720,145,460,0,95,560,245,0
0172.00,2530,0,285,1050,650,295,125,0,100,160,175,0
0173.00,3210,50,360,1215,670,375,280,0,50,155,565,0
0174.00,7005,0,555,2605,1180,975,1145,0,130,550,1040,0
0175.01,5755,25,525,2260,1420,530,1020,0,165,290,715,0
0175.02,7950,170,790,3035,1820,860,1265,0,225,680,670,0
0176.00,4200,25,1015,2645,235,375,30,0,45,255,375,0
0180.00,6315,240,1225,3490,350,160,430,0,280,765,920,25
0181.01,4330,200,840,2830,220,105,185,0,25,300,840,0
0181.02,3470,50,505,2430,130,35,170,85,75,260,410,0
0182.00,5325,125,1055,3875,225,100,105,0,135,210,820,0
0183.00,6430,110,1210,4715,110,120,185,0,300,280,895,0
0184.01,4875,85,715,3445,160,130,65,0,45,340,800,0
0184.02,3755,40,630,2650,105,95,35,0,60,245,750,0
0185.01,6765,105,995,4880,270,180,135,0,350,190,725,0
0185.02,4670,95,485,3410,175,105,145,25,220,165,555,0
0186.00,2315,55,650,1945,30,30,0,0,30,20,95,0
0187.00,3405,35,455,2570,110,45,25,0,50,120,585,0
0188.00,1940,40,380,1555,55,0,0,0,0,40,245,0
0189.00,5300,145,1030,3420,260,185,305,0,240,365,565,25
0190.01,9080,105,665,1745,255,210,475,0,340,5155,1035,30
0190.02,4610,290,910,2310,380,185,220,0,55,725,820,0
0191.00,4210,140,795,2940,190,45,60,0,35,275,545,0
0192.00,955,0,135,530,75,30,0,0,40,185,80,0
0193.00,3060,10,310,2230,120,55,115,0,260,290,215,0
0194.01,5315,30,165,835,10,165,225,0,1065,3175,155,40
0194.02,5535,25,370,1155,215,160,220,0,605,3175,395,135
0194.03,2765,0,190,745,150,95,170,20,140,890,820,0
0194.04,5490,70,415,1675,135,150,195,0,620,2265,740,0
0195.00,6460,140,1490,5005,75,85,165,40,365,245,665,0
0196.00,7675,120,2150,6115,75,100,160,20,165,145,590,0
0200.00,6340,50,1025,4345,160,400,290,0,365,300,460,0
0201.00,4870,125,835,3530,120,145,85,0,185,195,500,0
0202.00,1630,0,365,1295,0,25,15,20,0,30,125,0
0203.00,3010,40,520,2135,120,80,120,0,75,40,400,0
0204.00,4375,75,1080,3610,170,70,75,20,100,70,155,0
0206.01,3950,105,805,3020,125,145,65,0,105,125,385,0
0206.02,5640,195,1305,4200,305,385,155,0,70,185,485,0
0207.00,2310,85,420,1510,120,85,50,0,30,55,465,0
0208.00,3990,75,575,1905,640,250,505,0,170,285,415,0
0209.00,2665,20,455,1720,105,45,45,0,50,170,375,0
0210.00,7825,50,1155,5640,265,350,160,10,270,435,1010,0
0211.00,6270,125,1040,4895,130,110,50,0,60,295,580,0
0212.00,5590,145,1160,4405,110,50,65,0,60,180,450,0
0213.00,6635,45,755,4255,125,290,155,0,240,410,1180,0
0214.00,4300,55,615,3115,160,90,55,0,60,120,740,0
0215.00,6515,60,1300,4595,160,185,75,35,170,340,755,0
0216.00,5390,90,915,4370,205,160,60,20,165,220,265,0
0217.00,5780,80,630,4675,155,255,130,0,145,195,215,0
0218.00,2655,100,520,2380,45,25,35,0,35,65,115,0
0219.00,4190,15,750,3590,15,45,45,0,60,245,175,30
0220.00,4005,40,595,3270,110,50,70,0,80,65,350,0
0221.01,6360,105,995,5325,60,40,85,0,120,170,525,0
0221.02,4150,45,740,2340,115,105,20,0,490,490,555,0
0222.01,5405,60,915,3910,115,245,185,30,175,320,535,0
0222.02,4780,75,505,2775,275,190,215,0,190,530,510,0
0223.00,3740,25,620,2895,40,55,0,50,65,235,380,0
0224.00,1725,0,190,1425,25,30,0,0,0,70,225,0
0225.01,5035,70,785,3830,85,45,105,0,150,220,525,0
0225.02,7525,100,585,3370,260,310,885,0,385,995,1445,20
0226.00,3235,20,600,2775,25,20,20,15,0,45,245,0
0227.00,1745,15,370,1505,0,0,0,0,0,25,175,0
0228.00,2970,25,590,2475,70,90,30,0,60,160,220,0
0229.00,1150,20,235,1055,0,0,0,10,10,0,0,0
0230.01,2365,0,425,1905,65,45,0,0,65,20,100,0
0230.02,6050,25,515,4560,235,540,375,0,195,70,280,0
0231.00,6485,65,1200,5360,70,170,35,30,40,140,490,0
0232.00,3970,50,775,3475,50,45,30,25,90,145,150,0
0233.00,5450,55,830,3950,135,65,165,0,45,365,485,0
0234.00,4540,25,585,3290,340,130,100,0,55,125,485,0
0235.01,2810,35,595,1980,45,110,60,0,0,195,335,0
0235.02,5395,55,765,3475,65,120,425,0,155,580,460,0
0236.01,6365,65,820,3630,410,225,545,0,320,620,660,0
0236.02,6005,60,915,4155,200,120,255,0,105,495,735,0
0237.01,6260,20,660,1875,665,395,1020,0,185,1300,700,60
0237.02,2940,0,305,2235,20,80,65,0,75,305,160,0
0237.03,5520,60,765,3095,205,390,325,0,310,685,245,0
0238.01,3355,20,515,2780,60,55,35,0,0,80,250,0
0238.02,5200,35,510,2760,255,400,165,0,425,815,390,0
0239.00,6565,0,840,3440,700,210,925,0,580,420,555,0
0240.01,3355,0,305,2900,25,75,0,0,20,80,260,0
0240.02,5160,0,485,4065,45,320,155,0,240,145,200,0
0241.00,2855,15,180,2305,65,70,0,0,55,205,135,0
0242.00,1685,35,170,805,355,25,425,0,65,0,45,0
0243.01,6460,0,430,1100,255,135,2130,0,290,2190,425,45
0243.02,3400,30,265,1875,215,160,270,0,120,550,305,0
0244.01,5795,55,680,2650,380,445,550,0,495,575,765,0
0244.02,3745,120,380,1080,655,385,555,0,55,320,550,0
0245.00,6900,220,1100,3540,655,790,320,0,70,960,500,0
0246.00,3265,60,395,1840,225,150,115,0,125,500,290,0
0247.01,8240,0,270,990,1005,700,525,0,235,4550,475,40
0247.02,6855,60,805,3010,450,420,300,0,170,1710,915,40
0248.02,5675,0,295,1025,995,370,1860,0,420,815,500,0
0248.03,2700,0,90,460,645,300,230,0,25,1000,220,0
0248.04,5530,0,460,560,840,535,775,0,80,2340,405,0
0248.05,4145,20,240,980,515,220,225,0,80,1410,985,0
0249.01,4830,0,150,1105,460,660,295,0,0,2315,425,0
0249.03,5845,15,605,1150,905,495,640,0,60,2595,440,0
0249.04,3260,0,150,700,270,175,150,0,85,1765,270,0
0249.05,5510,0,140,380,280,95,455,0,1135,3160,180,110
0250.01,5040,175,540,1440,335,405,335,0,440,1735,440,0
0250.02,4950,20,415,2310,475,380,635,0,230,795,365,0
0250.04,6030,20,325,580,1200,505,1195,0,230,2425,170,40
0250.05,7405,0,160,815,875,290,930,0,2055,2415,260,35
0260.01,6870,70,455,1290,205,85,415,0,635,3015,1555,0
0260.03,7410,35,470,2080,430,220,635,0,725,2190,1400,155
0260.04,4085,0,120,700,110,185,430,0,1060,1160,640,25
0260.05,3800,65,235,930,215,215,640,0,475,1050,380,0
0261.00,5130,80,395,1445,280,200,560,0,325,1870,585,15
0262.01,5470,175,865,2775,410,140,245,0,290,685,805,0
0262.02,6260,40,640,2885,540,145,510,0,1370,420,835,0
0263.02,3050,15,375,1795,70,85,80,0,225,200,730,0
0263.03,5320,90,530,2790,155,195,235,15,300,535,1475,10
0263.04,5245,30,615,2670,145,140,270,0,730,780,795,0
0264.00,1450,0,95,665,0,35,35,0,165,110,510,0
0265.00,3985,40,930,3370,40,40,65,0,145,50,310,0
0266.00,3215,50,430,2380,0,0,30,25,210,75,530,0
0267.00,6600,0,825,3145,45,10,175,0,400,620,2420,0
0268.00,6310,30,965,4035,105,65,315,0,310,345,1195,0
0269.01,4920,75,375,1710,595,390,410,0,640,825,895,0
0269.02,2575,55,330,1385,420,70,240,0,95,100,510,0
0270.01,5150,180,600,3120,245,225,225,30,400,485,980,0
0270.02,4040,65,830,2320,440,195,440,0,505,270,405,0
0271.01,2455,20,380,1580,160,30,50,0,115,285,440,0
0271.02,4795,60,680,2455,390,135,235,0,510,390,770,0
0272.01,5875,50,590,2375,735,320,415,0,425,935,1325,0
0272.02,4745,15,400,1995,230,100,335,0,395,795,1090,0
0273.01,3990,0,395,1950,95,50,155,0,440,315,1255,0
0273.02,4300,0,455,2100,70,20,25,0,355,325,1540,0
0274.01,4865,70,570,2855,150,195,165,20,530,225,1200,0
0274.02,4725,100,580,2935,55,40,95,0,415,220,1060,0
0275.00,5710,0,1340,4420,215,20,40,15,305,80,480,0
0276.01,6320,70,805,5030,110,40,205,0,260,100,815,0
0276.02,6700,105,1330,5250,20,115,155,0,400,140,885,0
0277.00,4210,0,745,3425,60,95,65,0,215,25,480,0
0278.00,7755,95,1115,6235,170,115,345,0,430,135,705,0
0279.01,4170,20,225,3095,65,220,65,0,100,120,605,0
0279.02,6030,0,370,2905,600,355,280,0,150,640,1460,20
0280.00,7160,110,700,3370,965,965,385,0,355,750,515,30
0281.01,6470,0,380,1950,750,485,600,0,35,900,2045,0
0281.02,3870,20,380,1275,945,515,830,0,45,115,355,0
0282.00,4335,20,610,2630,235,405,155,0,50,355,425,0
0283.01,5290,0,290,1860,1210,530,1080,0,95,445,670,0
0283.02,4605,25,305,2315,490,240,1170,0,30,100,245,0
0284.00,6605,55,565,3590,365,400,75,0,140,1125,880,10
0285.00,3335,0,330,2095,200,245,190,0,95,185,530,0
0286.00,3610,95,355,1830,505,230,490,0,150,215,380,0
0287.01,7435,35,935,3670,870,220,1190,0,545,300,1085,0
0287.02,6010,70,445,2850,305,230,325,0,185,145,2325,0
0288.00,8395,25,1025,4645,380,190,230,0,245,235,2660,0
0289.00,4505,0,495,2585,130,375,55,0,415,145,745,0
0290.00,4630,30,490,2305,600,640,230,0,15,275,995,0
0291.01,3785,50,335,2070,390,285,150,0,250,70,640,0
0291.02,4890,0,350,2590,445,290,335,0,95,220,995,0
0292.00,6925,25,645,1900,1520,905,870,0,60,600,1235,0
0293.00,4295,15,475,2435,445,265,225,0,130,205,570,0
0294.01,4340,20,555,1765,515,585,495,0,325,95,580,0
0294.02,4660,30,410,1505,550,1280,185,0,45,335,930,35
0295.00,5310,75,480,2500,575,580,315,0,245,330,1225,0
0296.00,145,0,0,135,20,0,0,0,0,0,0,0
0297.01,6555,20,550,4430,110,320,80,10,515,255,1075,0
0297.02,6160,0,600,4415,45,120,155,0,400,205,1120,0
0298.00,4480,0,645,3695,45,155,140,0,125,0,495,0
0299.01,5925,55,1025,3965,170,125,65,0,355,235,1095,0
0299.02,4140,10,360,1405,150,45,75,0,760,265,1400,0
0300.00,10040,15,990,3915,160,260,335,15,1665,570,3400,95
0301.01,2940,0,345,1405,235,30,85,0,125,180,1065,0
0301.03,4400,55,200,760,135,60,220,0,825,1205,1395,20
0301.04,4065,15,255,900,285,140,135,0,745,985,1160,0
0302.01,6390,50,780,2805,90,225,140,0,720,405,2140,0
0302.02,6165,0,240,1995,185,140,210,0,505,715,2965,0
0302.03,3580,30,200,995,115,80,25,0,240,500,1720,0
0303.00,5425,15,235,1255,270,130,175,0,700,590,2400,0
0304.01,4540,0,335,1450,180,170,195,25,865,635,1335,0
0304.02,4010,50,335,1885,70,35,25,0,455,255,1375,115
0304.03,2820,25,280,1095,350,80,145,0,160,180,1115,0
0304.04,3580,0,250,1010,145,190,85,0,685,460,1175,0
0304.05,2865,0,80,875,60,0,30,0,255,335,1350,25
0304.06,6050,35,315,1705,265,145,85,0,695,675,2580,0
0305.01,4555,85,390,1970,0,55,55,0,535,155,2015,0
0305.03,4725,0,460,1855,100,80,95,15,700,215,1725,0
0305.04,5190,35,215,1700,155,155,115,0,820,385,2220,0
0306.01,4665,0,200,1440,155,100,310,0,400,150,2430,0
0306.02,4395,0,195,1355,20,75,215,0,545,350,2020,0
0307.03,4970,0,135,845,105,40,45,0,705,235,3085,0
0307.04,6270,0,390,1780,55,75,135,0,1015,340,2940,0
0307.05,3540,0,190,635,55,45,25,0,550,220,2080,0
0307.06,5440,30,130,960,40,90,145,0,1215,210,2995,0
0307.07,5620,30,365,1795,55,125,240,0,720,260,2635,0
0308.01,10540,50,770,4275,80,200,210,25,1520,470,4120,0
0308.02,4425,75,540,2895,85,160,55,0,310,175,840,0
0309.00,6150,0,395,3055,280,155,185,0,570,165,2070,0
0310.01,3435,0,405,2680,30,125,75,0,210,15,345,0
0310.02,5090,20,525,2945,245,255,140,0,550,310,720,0
0311.02,5925,40,440,2125,470,390,405,0,255,1085,1225,25
0311.03,2640,25,135,1395,390,60,95,0,125,310,395,0
0311.04,6865,30,645,2785,895,535,360,0,290,625,1795,0
0311.05,6580,40,630,1590,700,415,880,0,645,1860,895,10
0311.06,5275,0,385,1535,295,295,730,0,290,945,1360,0
0312.02,3625,0,210,465,510,745,400,0,45,535,1255,30
0312.03,6495,0,515,2305,920,1610,435,0,385,440,1005,0
0312.04,5705,0,205,855,790,685,940,0,165,865,1725,0
0312.05,3755,0,305,505,1160,555,715,0,100,590,685,65
0312.06,3630,0,235,1240,570,625,235,0,440,125,550,20
0312.07,3165,0,80,1470,375,315,140,0,25,245,745,0
0313.00,5480,60,710,2510,605,865,400,0,125,520,800,0
0314.01,5050,0,410,525,865,695,520,0,270,1640,715,0
0314.02,5295,0,435,1540,640,470,435,0,115,1735,560,45
0315.01,3325,0,135,2265,120,130,0,0,95,580,130,0
0315.02,3665,0,165,935,270,230,165,0,305,1565,255,25
0315.03,5515,0,295,2005,240,270,535,0,365,1920,335,0
0316.01,3855,0,210,1460,395,535,175,0,130,530,715,0
0316.03,5720,0,415,700,1105,680,640,0,1335,340,835,40
0316.04,4415,0,230,635,520,585,1245,0,175,520,955,0
0316.05,4190,0,380,550,595,600,985,0,150,850,550,25
0316.06,3750,200,275,415,515,275,965,0,120,505,915,0
0317.02,7215,0,260,4955,200,80,265,0,950,130,1120,0
0317.03,3755,0,260,2760,0,115,135,0,265,80,645,0
0317.04,6015,0,270,3560,200,235,125,0,715,125,1275,0
0317.05,2230,0,80,1200,85,40,45,20,105,95,765,0
0318.00,8355,40,470,3030,115,150,250,0,1210,290,3485,0
0319.00,4140,45,380,1930,40,45,85,0,655,130,1265,0
0320.01,4655,0,175,2820,90,60,25,0,555,260,975,45
0320.02,5695,0,265,2485,70,140,120,0,525,150,2390,0
0321.01,3770,0,265,1540,30,40,45,0,610,205,1400,0
0321.02,4165,0,225,1390,55,55,0,0,995,190,1575,0
0322.01,4915,0,120,965,45,20,65,0,590,365,3060,0
0322.02,3060,45,150,1200,0,90,110,0,435,215,1200,0
0323.01,4105,15,435,1595,60,75,185,0,590,250,1360,0
0323.02,5225,0,280,2175,25,35,40,0,440,275,2370,0
0324.01,3845,25,210,965,495,25,290,0,160,310,1865,0
0324.02,6455,20,415,1510,250,70,290,0,375,380,3735,10
0324.03,3885,0,250,1490,115,0,55,0,405,270,1625,50
0324.05,3435,0,230,785,55,0,70,30,290,130,2070,0
0324.06,3655,0,215,885,40,40,45,0,140,455,2110,0
0330.00,4190,105,1015,3270,135,65,160,0,45,235,290,0
0331.01,5420,65,1020,3700,360,205,150,0,195,310,670,0
0331.03,5950,25,340,985,800,335,360,0,365,2935,390,0
0331.04,3025,45,480,1545,125,215,200,0,125,385,575,0
0332.00,7315,165,1145,2360,935,310,605,0,295,2020,790,0
0333.00,4625,290,940,3035,245,130,110,0,45,785,450,0
0334.00,3640,45,630,2795,50,55,35,0,145,290,235,0
0335.00,7235,370,1280,3710,380,210,150,0,310,1095,1115,10
0336.00,6550,215,1270,3775,170,135,130,0,150,875,1105,0
0337.00,2610,235,745,1725,120,120,110,0,0,110,220,0
0338.00,5565,150,1415,4520,125,115,160,60,65,150,350,0
0339.00,6565,195,1735,5495,135,115,25,0,55,95,440,0
0340.00,6530,40,930,3035,435,145,300,15,315,1640,975,20
0341.02,3765,90,800,1605,180,130,105,0,55,740,780,0
0341.03,5075,0,290,905,235,75,590,0,415,2745,165,25
0341.04,4435,105,515,1260,465,110,765,0,120,1045,975,0
0342.00,6300,40,620,2195,285,235,305,0,120,1595,1825,35
0343.00,4020,95,985,1800,195,125,180,0,0,550,595,0
0344.01,5030,0,465,1815,330,160,340,0,55,1220,1180,0
0344.02,3450,40,400,910,460,60,430,0,175,715,725,0
0345.00,3665,20,225,1530,110,130,175,0,50,980,885,0
0346.01,4835,70,630,1485,315,255,210,0,70,1330,1250,15
0346.02,5095,95,650,1435,700,340,390,0,75,945,1690,40
0347.00,2465,65,325,930,200,145,230,0,65,375,855,60
0348.00,4805,80,795,2885,210,100,140,0,25,770,990,0
0349.00,5645,70,795,2235,680,325,135,0,395,885,1350,0
0350.00,5415,60,705,3035,115,55,110,0,240,895,1045,0
0351.01,5265,55,540,1655,360,220,170,0,265,1650,920,10
0351.02,2710,45,270,1195,190,85,75,0,50,485,925,0
0352.00,5390,45,810,1575,200,185,160,0,235,1785,1175,20
0353.02,5140,60,460,1855,205,245,265,0,355,1385,1100,0
0353.03,3190,0,245,570,155,65,100,0,65,1445,785,0
0353.04,4460,50,430,1455,290,230,205,0,85,1710,760,0
0354.00,4835,30,480,2040,215,190,200,0,90,1430,980,0
0355.02,5365,45,625,1635,970,270,340,0,45,1625,925,0
0355.03,4550,15,810,1370,760,405,690,0,325,740,390,10
0355.04,4955,35,705,1075,530,155,285,0,190,1415,1055,20
0356.00,4480,65,675,2060,215,140,150,0,135,985,900,0
0357.01,7265,50,555,1305,400,220,270,0,280,4385,345,65
0357.02,4880,75,535,1310,830,130,535,0,290,1755,230,25
0358.01,3320,275,515,1610,435,145,70,0,80,545,230,40
0358.02,4710,330,745,1755,885,235,380,0,90,825,660,90
0358.03,5420,200,675,1800,1060,330,830,0,175,695,735,55
0359.00,7035,100,1010,2540,1360,370,655,0,345,1520,995,90
0360.00,5770,140,830,3020,665,365,105,0,145,985,895,0
0361.01,5860,110,1100,3845,270,65,140,40,225,710,585,0
0361.02,7210,135,1225,4195,355,155,260,40,335,1245,1260,20
0362.01,6235,65,970,2130,1090,170,570,0,200,1595,1175,0
0362.02,5825,70,570,1820,580,370,215,0,285,1990,995,0
0362.03,7055,105,530,2030,910,425,465,0,120,2485,1450,0
0362.04,4865,35,590,1470,1290,280,390,0,70,1220,690,10
0363.02,3255,25,530,1415,515,275,90,0,95,455,635,0
0363.04,3595,30,300,910,325,60,240,55,30,1355,820,0
0363.05,4585,15,430,795,835,290,410,0,100,1970,625,25
0363.06,6655,75,350,1350,305,210,255,0,310,1425,3285,55
0363.07,5470,0,340,985,350,140,85,0,240,3395,315,170
0364.01,5900,85,665,2265,695,205,320,0,330,1540,1035,45
0364.02,2850,35,345,1040,290,135,75,0,35,695,680,0
0365.00,6765,70,705,2080,435,320,110,50,70,3240,710,0
0366.00,6125,70,705,2445,405,185,285,30,160,1870,1005,105
0367.01,4885,35,320,995,195,105,235,0,385,2920,145,15
0367.02,3620,50,505,1815,100,190,110,0,0,595,885,0
0368.01,5515,30,310,850,180,90,60,0,145,905,3480,15
0368.02,4030,40,695,1845,130,120,200,0,165,775,1010,20
0369.00,7590,35,820,2530,295,195,365,0,635,2800,1035,40
0370.01,10025,20,655,1390,675,285,590,0,1015,3805,2585,75
0370.02,4755,10,635,1180,200,155,210,0,190,1315,1410,0
0370.03,3780,75,695,1625,215,35,295,0,110,625,785,0
0371.00,6730,40,895,3530,170,260,125,0,535,630,1680,0
0372.00,4335,60,670,2285,135,70,35,0,225,830,920,20
0373.00,4605,60,635,2285,360,240,295,0,315,595,690,0
0374.01,4870,35,440,1585,105,80,170,15,465,695,1935,0
0374.02,3260,0,275,795,180,110,75,0,290,475,1365,0
0374.03,4250,20,375,955,155,140,60,0,315,690,2010,0
0375.01,6125,25,370,1950,305,105,430,0,930,715,2010,0
0375.02,1905,25,315,1200,85,45,40,0,55,175,435,0
0375.03,5410,80,405,1235,355,170,285,0,325,1395,1830,40
0375.04,5470,0,305,1085,235,40,175,0,60,1495,2590,0
0375.05,6975,30,575,2030,545,115,120,20,645,965,2655,0
0376.01,5280,15,410,915,160,70,235,105,225,1015,2605,0
0376.02,5275,50,260,375,295,65,145,0,80,1295,3065,0
0376.04,4955,0,250,855,165,115,295,0,450,345,2935,0
0376.05,7120,0,140,340,95,40,20,0,25,500,6185,0
0376.06,375,0,0,0,0,0,0,0,0,0,375,0
0376.08,6375,0,490,1120,385,55,130,0,365,1645,2905,0
0376.09,4865,0,150,575,145,0,80,0,135,280,3740,0
0376.11,3620,0,295,415,225,70,520,0,325,445,1630,0
0376.12,5460,0,440,1195,155,145,200,0,875,945,2220,0
0376.13,3975,0,140,315,85,0,110,0,35,465,3030,0
0376.14,3790,0,120,395,30,0,25,0,110,320,2960,0
0376.15,3945,0,165,500,30,20,60,0,290,400,2685,0
0376.16,3380,0,300,830,140,0,60,0,75,1065,1265,0
0377.01,6630,0,390,1535,140,65,145,0,20,725,4125,0
0377.02,4760,0,335,1125,175,175,30,0,50,315,3005,0
0377.03,2780,0,225,685,125,0,30,0,40,140,1800,0
0377.04,6105,0,260,440,305,110,20,0,95,900,4330,0
0377.06,3820,0,35,155,80,0,0,55,25,170,3465,0
0377.07,4860,0,160,475,85,30,35,0,0,575,3905,35
0378.02,3335,0,190,610,160,70,65,0,160,935,1450,0
0378.03,7585,65,740,1595,1165,300,315,0,120,2415,2295,0
0378.04,6110,0,260,1270,600,80,330,0,185,2890,1510,40
0378.05,4155,0,505,860,800,275,495,0,60,1250,890,0
0378.06,6250,30,615,900,1005,125,400,0,90,3190,1000,0
0378.07,7080,0,405,1150,620,105,185,0,130,1690,3555,0
0378.08,6560,0,435,785,165,0,110,0,230,1800,3675,0
0378.11,5875,45,435,945,975,255,320,0,50,2575,1045,0
0378.12,5130,120,535,1145,1260,275,505,0,170,1630,995,0
0378.14,4075,0,220,570,185,0,55,0,165,1060,2215,0
0378.16,6430,0,360,515,1010,315,355,0,135,3535,1030,40
0378.17,3460,30,465,570,560,195,495,0,75,1260,595,0
0378.18,2880,0,115,220,265,90,95,0,55,645,1805,0
0378.19,5210,0,280,470,120,0,55,0,80,1025,3560,0
0378.20,2265,0,40,85,0,0,0,0,25,475,1710,0
0378.21,3625,0,170,390,75,20,55,0,110,505,2595,0
0378.22,3640,0,210,260,110,20,55,0,0,475,2705,15
0378.23,4250,0,155,645,95,25,0,0,45,435,3060,0
0378.24,6160,20,280,335,275,35,210,0,40,1490,3820,25
0378.25,7685,0,385,345,495,255,385,0,80,5045,1535,55
0378.26,4540,0,290,385,480,105,185,0,110,2455,1125,0
0378.27,5660,0,350,700,435,210,385,0,120,2825,1320,80
0378.28,7430,105,670,935,1585,580,370,0,225,3395,915,25
0400.02,6260,60,1380,3930,275,100,145,0,175,455,1180,0
0400.03,2980,10,490,1600,255,25,75,0,110,250,865,0
0400.04,2020,30,450,1350,0,25,0,0,45,80,430,0
0400.06,3065,0,560,2370,90,70,20,0,60,240,405,0
0400.07,3300,50,800,2490,135,45,0,0,80,95,355,0
0400.08,2800,15,630,1810,75,85,50,0,70,160,360,0
0400.11,6475,0,205,800,295,60,80,0,40,3335,2065,0
0400.12,7215,50,805,3130,245,155,235,0,420,585,2630,0
0400.13,6235,0,315,205,310,185,75,0,340,4135,1325,0
0400.14,6325,0,370,375,225,65,15,0,130,2760,2950,55
0400.15,4730,85,985,3400,85,75,65,15,55,285,785,0
0400.16,5450,15,390,1775,265,285,175,0,205,1830,1610,0
0400.17,4675,0,335,280,220,70,195,0,25,2810,1260,20
0400.18,2755,0,265,110,220,15,65,0,0,1195,1235,30
0400.19,6800,115,1035,3245,580,165,155,0,225,1165,2075,40
0400.20,2690,0,245,395,135,55,20,0,30,710,1430,0
0400.21,2025,0,125,240,105,75,85,0,65,575,1015,0
0400.22,8580,0,470,1090,595,205,360,0,375,4535,1905,0
0400.23,8620,0,420,810,265,120,295,0,225,5525,1600,50
0401.04,3570,0,105,680,140,95,250,0,55,490,2125,0
0401.05,2165,0,65,160,15,0,0,0,45,130,1810,0
0401.06,5245,0,345,1590,55,30,45,0,85,370,3155,0
0401.07,4160,25,780,2600,105,0,45,25,115,65,1195,0
0401.08,3475,20,745,1570,75,0,20,0,50,130,1430,0
0401.09,8905,0,465,1055,125,65,190,0,265,875,6555,0
0401.10,5080,0,195,915,90,30,50,0,95,700,3260,0
0401.11,7060,0,350,685,410,180,295,0,115,3060,2630,45
0401.13,6430,0,295,590,380,45,75,0,80,1225,4200,10
0401.14,8255,40,760,2715,170,115,235,0,255,765,4490,90
0401.15,2880,0,340,1285,115,0,125,0,100,105,1140,0
0401.17,3725,0,80,545,295,45,135,0,240,880,1715,0
0401.18,3445,0,155,260,215,0,40,0,25,180,2685,20
0401.19,6845,0,345,580,345,85,135,0,35,475,5340,0
0401.20,4845,0,105,345,80,100,80,0,25,1280,3065,0
0401.21,3140,0,110,155,85,25,0,0,0,735,2130,0
0401.22,7620,20,210,855,90,70,50,0,275,715,5675,0
0401.23,2220,0,55,365,95,75,45,0,140,705,910,0
0402.01,2610,0,315,1165,40,65,160,0,185,305,710,15
0402.02,3390,0,480,1635,85,50,35,0,595,120,855,0
0402.03,2935,25,330,2075,80,35,30,0,385,105,355,0
0402.04,5230,15,535,2295,95,25,145,0,495,525,1765,0
0402.05,2135,30,210,1200,0,115,35,0,275,50,560,0
0402.06,5830,25,580,3525,90,130,80,0,820,165,1140,0
0402.07,2140,10,325,1180,0,105,35,0,340,160,340,0
0402.08,6445,30,690,2820,40,40,185,0,1110,360,1995,0
0402.09,3740,45,485,2430,25,25,15,0,355,135,735,0
0402.10,3610,30,400,1525,190,100,135,0,390,340,1145,30
0402.12,4460,0,120,445,60,15,30,0,370,170,3505,0
0402.13,5265,0,520,2290,100,0,160,0,730,450,1615,0
0403.01,8130,90,670,1630,430,65,360,25,485,860,4560,20
0403.03,10125,20,815,2500,380,105,165,35,430,1070,6010,30
0403.04,4265,0,145,165,70,40,60,0,175,520,3235,0
0403.05,3405,15,500,1520,95,45,30,0,130,250,1495,0
0403.07,7220,0,405,910,140,35,245,0,255,945,5060,10
0403.09,5115,0,220,330,75,20,60,0,70,545,4225,0
0403.10,5050,0,235,520,110,35,55,0,130,610,3700,20
0403.11,7305,0,470,970,325,130,130,0,335,1720,3935,0
0403.12,6695,0,320,1425,390,140,160,0,155,2180,2770,210
0403.13,6265,30,510,2135,485,220,130,0,170,1435,2395,0
0403.14,6710,15,320,1175,100,245,215,0,155,1480,3595,65
0410.02,4560,0,215,2015,170,95,115,0,80,380,1970,0
0410.03,7080,0,705,5400,40,90,340,0,475,230,930,0
0410.04,3800,0,495,2885,105,125,160,0,280,75,505,0
0410.05,6655,20,980,5400,60,95,340,40,400,340,515,0
0410.07,3775,0,265,1905,145,30,150,0,175,755,810,0
0410.09,4475,50,255,2545,115,50,135,0,280,250,1265,0
0410.10,4125,0,225,2785,30,35,70,0,520,220,660,0
0410.11,4295,0,530,3635,0,70,135,0,260,25,315,0
0410.12,5680,0,400,4120,55,70,185,0,560,65,750,0
0410.13,7170,10,905,5600,40,175,260,0,495,410,690,0
0410.14,6355,0,640,4330,140,115,75,0,430,435,1265,0
0410.15,1925,0,130,1280,220,30,25,0,105,105,300,0
0411.01,5695,40,355,2665,295,120,160,0,505,835,1460,0
0411.04,5970,25,435,4375,180,125,110,10,160,710,420,0
0411.07,4400,15,360,3660,35,115,25,0,145,235,230,0
0411.08,2125,0,95,1355,60,55,0,0,20,320,310,0
0411.09,6400,0,420,3590,95,170,175,0,445,1100,1045,10
0411.12,5720,0,580,3585,245,450,30,0,335,650,445,40
0411.15,4255,0,340,2700,180,260,55,0,200,465,475,0
0411.16,6000,20,765,4090,245,300,165,0,325,635,565,0
0411.17,5475,0,430,3040,45,75,480,0,520,425,1175,0
0411.18,7915,45,545,3425,325,200,240,0,635,1145,2195,0
0411.19,5710,0,420,3700,55,80,230,0,635,250,1105,0
0411.20,17535,40,1380,11505,160,325,675,0,1440,1115,3275,0
0411.21,2490,0,185,775,295,260,140,0,115,610,440,15
0411.22,5430,50,585,3380,115,250,140,0,250,545,865,0
0411.23,3925,35,270,2690,120,170,90,0,220,360,410,0
0411.24,7280,0,480,2385,315,210,260,0,400,2990,915,20
0411.25,3420,0,125,1240,230,235,105,0,310,805,785,0
0411.26,5395,0,800,3420,165,120,145,0,315,775,590,0
0411.27,4080,0,295,3075,175,225,35,0,180,255,280,0
0412.01,6340,0,315,4910,120,220,10,0,330,570,310,0
0412.02,7390,40,485,6160,120,135,125,0,265,335,260,0
0412.04,4700,0,295,3960,0,20,70,0,125,320,170,0
0412.06,3820,10,280,3045,70,75,50,0,185,250,55,0
0412.08,2690,0,210,2140,0,260,35,0,25,305,95,0
0412.10,6260,0,500,4450,145,225,25,15,235,1110,145,0
0412.11,4605,0,575,3230,90,255,60,0,330,355,125,0
0412.12,4270,40,325,2525,135,240,125,0,210,535,625,0
0412.13,4260,0,220,3680,45,80,35,0,115,210,80,0
0412.14,3610,0,310,3205,0,40,95,0,120,80,60,0
0412.15,5315,15,550,4605,15,150,0,0,30,210,185,0
0412.18,8075,15,585,6735,0,195,15,0,335,465,185,0
0412.19,9640,20,855,7305,185,335,290,0,590,780,485,0
0412.20,5830,0,515,4655,80,180,95,0,300,530,245,0
0412.22,7595,0,485,4565,105,355,115,0,665,900,1000,0
0412.23,11850,10,735,5860,220,635,110,0,1255,1955,2265,0
0412.24,8270,0,655,4525,245,545,250,0,665,820,1695,0
0413.00,12645,30,970,8610,170,375,225,0,940,1380,1010,0
0420.03,6415,80,720,2730,125,25,135,0,1085,400,2040,60
0420.05,6615,0,290,1300,90,20,175,0,835,380,4035,0
0420.06,5305,0,230,955,50,60,220,0,565,450,3085,0
0420.08,4530,20,525,2460,60,60,60,0,770,280,800,0
0420.09,4255,95,500,2170,270,100,100,15,550,315,990,0
0420.10,3865,0,125,585,45,10,145,0,395,345,2500,0
0420.11,6735,0,455,1515,70,35,260,0,680,1095,3235,30
0420.13,5220,0,210,1195,100,100,210,0,730,450,2870,0
0420.14,6815,15,440,2070,85,105,145,0,1250,445,2955,0
0420.15,2650,0,110,460,0,10,165,0,555,150,1375,0
0421.01,6815,20,515,4400,20,25,105,0,925,340,1120,0
0421.04,3710,40,425,2595,85,55,70,0,365,175,495,0
0421.05,3585,0,365,2400,75,0,105,0,645,150,330,0
0421.06,3755,15,210,2110,45,15,55,0,815,160,635,0
0421.07,4200,15,480,3070,45,100,65,0,435,235,455,0
0422.02,5250,130,820,2695,300,100,125,0,905,470,580,0
0422.03,6950,0,290,1495,55,75,220,0,1105,825,3535,0
0422.04,4200,0,195,520,0,35,120,0,480,410,2735,0
0422.05,7335,30,340,1120,170,30,145,0,785,770,4690,0
0422.06,5310,60,645,3035,175,100,170,0,965,175,775,0
0423.01,3800,30,675,2995,0,35,40,0,405,90,255,0
0423.02,7505,115,945,5500,65,125,50,20,755,380,710,0
0424.04,2495,0,95,640,85,105,65,0,315,430,980,0
0424.05,8335,85,505,2830,230,165,350,0,1265,1500,2705,15
0424.07,6860,20,680,3690,40,150,175,0,1005,380,1845,0
0424.08,7380,10,725,4455,170,135,140,0,1040,585,1235,0
0424.09,2980,65,470,2175,25,20,80,0,125,125,325,0
0424.10,6130,30,1080,4365,105,140,140,25,485,485,460,0
0424.11,7630,70,925,4680,120,280,200,20,810,695,1235,0
0424.12,26165,165,2755,11510,650,500,850,15,3850,2530,7175,35
0424.13,1570,0,155,805,25,0,40,0,110,55,535,0
0430.02,9815,135,2095,6155,270,120,300,0,245,945,1565,0
0430.03,4725,60,1495,3790,105,25,40,10,15,60,175,0
0430.04,10255,100,1775,6255,260,160,115,0,265,1515,1600,0
0431.01,5970,75,1425,4830,100,85,70,20,120,135,335,0
0431.02,6445,75,1460,4465,210,45,190,0,195,420,820,0
0440.00,6600,75,1600,5170,140,65,90,0,235,145,440,0
0441.02,4275,55,1655,3385,35,0,75,0,35,115,240,0
0441.03,7385,145,1695,6045,45,110,50,0,285,90,415,0
0441.04,5835,75,1210,4780,80,90,65,0,295,140,295,0
0442.02,4130,95,1050,3225,80,120,130,0,230,120,225,0
0442.03,5585,55,1320,4765,35,30,55,0,105,45,190,0
0442.04,3720,60,1030,3085,25,65,15,0,40,75,100,0
0442.05,6960,115,1795,5065,140,125,225,25,310,375,710,0
0442.06,7900,95,1415,3820,315,310,370,0,610,390,2190,0
0450.02,2805,30,1130,1880,45,65,60,0,50,20,115,0
0450.03,8030,255,2430,5780,105,55,120,0,165,220,995,0
0450.05,5590,115,1055,4020,135,50,100,0,390,310,655,15
0450.06,4920,55,1165,3605,130,75,60,0,65,365,435,0
0451.01,2230,75,795,1550,35,0,100,0,0,25,30,0
0451.02,4745,135,1520,3790,65,50,35,0,40,165,125,0
0451.03,7125,210,2180,5395,90,90,110,0,280,220,515,0
0451.05,4695,150,1215,3970,85,0,110,0,75,105,205,0
0451.06,6515,95,1400,4670,335,105,75,0,240,270,750,0
0451.07,4785,75,795,3125,135,210,110,0,150,265,840,0
0452.01,3255,270,960,2710,15,20,75,0,0,50,200,0
0452.02,4830,185,1605,3845,75,75,65,0,15,100,200,0
0452.03,5640,100,1910,4425,85,50,0,0,120,80,370,0
0452.05,4200,90,810,2025,125,165,260,0,250,445,1055,20
0452.06,3855,40,465,2150,220,175,35,0,105,355,855,0
0452.07,5710,90,1595,4635,55,60,40,25,125,150,250,0
0455.00,7275,70,2375,5945,50,215,35,45,80,80,230,0
0456.01,4305,90,1455,3425,205,30,100,0,75,0,105,0
0456.02,6095,195,1975,4915,90,105,20,50,15,90,265,0
0456.03,4315,145,1430,3425,40,60,0,0,0,10,100,0
0460.01,4950,40,1190,4440,0,205,0,0,10,10,65,0
0460.02,3605,120,775,2865,0,55,35,0,75,0,240,0
0470.00,2740,120,1255,2180,20,0,10,0,0,0,10,0
0471.00,3395,50,1035,2650,0,0,0,0,110,0,110,0
0472.00,6655,250,2175,5175,80,30,50,0,35,70,250,0
0473.01,6310,250,2345,5035,45,25,30,0,60,0,135,0
0473.02,6935,305,2840,4985,130,105,170,15,75,80,190,0
0473.03,3725,170,1570,2855,15,40,10,0,25,0,15,0
0474.00,5385,125,1910,4290,65,20,30,0,55,135,110,0
0475.00,5645,330,2060,4510,10,0,85,20,0,130,80,0
0480.01,3995,135,1295,3280,20,0,0,0,35,35,95,0
0480.02,7815,185,1660,6235,95,295,80,0,105,345,510,0
0481.01,5155,65,1655,3975,25,40,40,0,50,210,225,0
0481.02,4465,125,1450,3525,130,0,55,0,40,95,160,0
0482.00,6295,260,1605,5325,20,65,0,75,45,150,270,0
0483.01,5145,155,1575,4485,0,40,0,0,0,15,60,0
0483.02,2465,125,960,2045,20,20,0,0,0,0,0,0
0484.01,3500,45,765,3090,0,0,0,0,0,0,15,0
0484.02,6075,170,2225,5055,130,30,20,0,40,0,120,0
0485.01,6210,280,2545,4860,55,45,50,0,10,45,90,0
0485.02,6290,210,2315,4915,0,30,0,25,30,65,175,0
0500.01,3510,55,525,2285,185,185,200,0,55,170,355,0
0500.02,4770,60,1105,3280,140,220,55,35,55,275,460,0
0501.01,5725,120,1295,4205,280,120,55,50,135,385,375,0
0501.02,7095,80,1435,5175,180,175,70,15,340,480,765,0
0502.01,5600,145,1355,3345,500,135,150,20,100,440,895,10
0502.02,2480,60,530,1865,90,60,65,0,40,75,180,0
0503.00,5225,155,845,3475,210,330,300,0,200,585,515,0
0504.00,3380,55,825,2670,90,40,0,0,90,125,260,0
0505.01,4740,40,1060,3670,110,95,55,0,115,230,385,0
0505.02,5815,35,1075,4300,70,60,135,0,225,565,610,0
0506.00,2700,35,520,2120,15,0,40,0,50,160,220,0
0507.00,3650,40,765,3205,80,0,50,0,0,45,165,0
0508.00,3250,45,680,2630,0,75,25,0,0,105,295,0
0509.01,5130,95,940,4045,120,95,70,10,50,150,535,0
0509.02,3100,115,600,2520,30,40,0,0,45,50,305,0
0510.00,5565,15,975,4960,20,40,40,0,15,125,290,0
0511.01,5020,65,535,2285,370,225,165,0,765,815,580,0
0511.02,4740,50,905,3070,240,30,145,0,150,360,430,0
0512.00,6880,25,595,2820,540,225,180,0,485,1320,1385,40
0513.01,6910,85,950,4515,190,220,70,0,420,620,960,70
0513.02,6490,25,540,3100,400,260,220,0,435,1235,705,0
0513.03,3090,20,270,1045,165,130,135,0,205,800,580,0
0513.04,3885,20,360,2635,160,75,175,0,215,380,460,0
0514.01,2375,0,400,1385,15,95,25,0,165,255,360,0
0514.02,5955,45,835,2050,135,130,370,0,490,1945,790,15
0515.01,4375,140,770,3475,225,125,35,0,25,200,280,0
0515.02,3580,95,695,2465,70,30,35,10,245,220,435,0
0516.01,5470,120,1290,3340,275,200,110,15,65,710,715,0
0516.02,4700,75,945,2985,200,120,120,25,90,635,500,25
0516.03,5850,105,1355,3645,140,240,300,0,230,595,455,0
0516.04,6425,100,1380,2915,390,315,320,0,405,1205,850,0
0516.05,6275,175,1480,4230,325,245,140,25,265,485,485,0
0516.06,4770,110,1210,2765,310,245,170,40,200,525,455,0
0516.08,6065,50,950,3455,450,150,380,0,295,630,685,15
0516.09,7030,65,1060,4600,240,270,275,60,220,740,850,0
0516.11,4690,30,940,2955,100,95,110,0,165,480,670,0
0516.16,5095,40,960,2905,170,100,225,0,230,615,640,0
0516.17,3435,70,580,2130,325,105,165,0,230,270,380,0
0516.18,3685,0,620,2755,120,105,115,0,110,180,355,0
0516.20,6310,105,1330,3470,275,235,185,0,160,875,1095,0
0516.21,3055,50,490,1760,235,110,25,0,175,415,560,0
0516.22,7040,60,1040,3320,435,305,425,0,250,1305,1055,20
0516.23,5790,20,835,3100,310,305,120,25,225,1220,865,0
0516.24,4220,25,565,2830,230,60,40,0,130,485,530,0
0516.25,4045,30,700,2060,285,120,105,0,285,895,420,0
0516.26,7070,20,885,2645,650,145,360,10,325,1925,1120,0
0516.28,4805,20,630,2035,125,225,250,0,290,950,1315,0
0516.29,4870,15,420,1470,365,130,385,0,280,1355,1300,0
0516.30,6010,0,310,1940,170,110,550,0,300,1395,1960,0
0516.31,2835,0,275,1210,25,25,80,0,155,600,810,0
0516.32,4900,20,765,2535,390,350,225,0,105,1085,470,20
0516.37,5460,40,535,2205,315,100,370,0,295,1035,1295,0
0516.38,6400,25,390,1455,215,145,365,0,455,2295,1625,70
0516.39,5275,0,455,1495,595,290,405,0,215,1675,905,0
0516.40,6220,0,680,2510,650,260,320,25,385,1695,745,0
0516.41,5060,0,235,1325,280,160,440,20,500,1610,1350,25
0516.42,8495,30,545,2305,810,405,445,0,710,2480,2015,0
0516.43,4155,0,340,1450,90,280,240,0,130,1155,1045,0
0516.44,4840,0,430,1660,125,130,275,15,380,1095,1400,40
0516.45,11830,20,760,2260,630,280,880,15,1340,4435,2675,45
0516.46,7415,0,435,1695,480,220,365,0,745,2370,1840,0
0516.47,4985,0,405,1555,165,250,270,0,340,1615,1045,0
0517.00,1715,0,285,1155,110,65,20,0,25,155,175,0
0518.00,4410,50,555,1840,195,85,245,0,50,1000,830,50
0519.00,3930,25,540,1920,95,150,60,0,70,550,935,0
0520.01,5585,0,685,1940,250,220,130,0,230,1675,1210,55
0520.02,6740,0,300,2540,270,195,85,0,610,1370,2075,0
0520.05,3780,20,300,1265,425,90,140,0,230,1080,595,0
0520.07,5040,0,305,835,325,95,350,0,480,2220,910,0
0520.08,6460,35,340,2765,300,170,145,0,340,1440,1640,0
0520.09,6445,55,415,2075,290,250,535,0,1105,1275,1325,0
0520.10,9200,75,555,2420,375,350,510,0,1340,2820,1840,40
0521.01,5660,25,535,1935,190,215,265,0,810,1625,730,85
0521.02,3775,35,435,2555,140,140,90,0,180,420,655,0
0521.03,5030,20,385,1725,165,165,170,0,255,1585,1140,0
0521.04,6270,70,685,3800,435,255,210,0,265,650,880,60
0521.05,4265,100,470,2305,245,155,50,0,125,475,820,20
0521.06,4920,35,335,2065,330,415,270,0,560,920,610,0
0522.00,5955,40,745,4075,130,50,200,0,210,425,775,0
0523.00,6105,80,700,3680,230,235,450,0,210,660,760,20
0524.01,4835,20,440,2600,325,250,120,0,85,325,1320,10
0524.02,3665,0,355,2305,85,45,65,0,45,660,535,0
0525.01,3535,20,180,1610,125,175,290,0,65,700,785,0
0525.02,4545,20,395,2640,185,185,240,0,60,730,675,35
0526.01,6305,75,560,2710,280,100,280,0,185,1695,1250,20
0526.02,3450,100,375,1970,175,105,65,0,70,585,495,45
0527.01,7185,50,540,2230,325,395,165,0,605,1985,1875,0
0527.02,5085,0,495,3095,170,35,190,0,395,500,660,70
0527.03,7000,0,420,3000,320,220,380,0,545,1770,1205,0
0527.04,5870,80,570,4155,250,125,325,0,240,410,600,0
0527.05,5825,0,445,3970,190,155,190,0,120,505,860,0
0527.06,4300,0,335,2595,275,80,85,0,55,570,710,0
0527.07,5005,45,490,2850,385,445,325,0,115,585,575,0
0527.08,4450,55,435,1810,140,85,60,0,70,860,1490,30
0527.09,3625,30,490,1745,125,100,200,0,145,435,1095,0
0528.01,5360,0,410,2315,135,115,235,0,385,1145,1345,0
0528.02,8095,0,490,1820,400,120,780,0,395,2655,2200,0
0528.10,8810,40,485,2560,520,410,175,0,525,2875,2400,20
0528.11,5530,35,325,1750,225,75,225,0,795,1610,995,0
0528.12,6065,15,450,1770,260,260,155,0,445,2395,1175,0
0528.13,3460,55,340,1690,175,0,195,0,95,625,865,0
0528.15,4350,0,145,1260,200,35,690,0,160,940,1305,0
0528.16,5270,0,300,1080,375,130,255,0,180,2180,1285,0
0528.18,6975,20,505,2370,350,265,485,0,315,1975,1750,0
0528.19,5620,0,185,1440,405,75,215,0,250,2085,1580,0
0528.20,6120,40,540,1935,570,20,290,0,170,3140,345,85
0528.21,4400,0,360,1060,435,135,150,0,55,1835,770,100
0528.22,6920,95,400,905,675,140,245,0,35,4675,365,15
0528.24,5560,0,295,1335,265,95,125,0,395,1880,1725,0
0528.25,7660,70,320,2395,350,265,380,0,630,2455,1715,0
0528.26,4640,50,360,1390,490,240,385,0,170,1425,1105,0
0528.31,6425,0,305,1555,660,115,270,45,0,3355,525,25
0528.32,4455,20,280,1635,145,140,165,35,270,1385,1160,15
0528.33,6670,40,710,2490,325,65,205,0,400,2045,1305,0
0528.34,6115,0,470,2410,175,255,190,0,130,1355,1995,25
0528.35,3080,0,115,1055,170,110,110,0,320,710,770,0
0528.36,8705,0,545,635,250,80,220,0,55,6935,395,50
0528.37,6665,0,515,1785,250,265,325,0,125,3215,965,60
0528.39,6820,45,1020,3170,385,555,475,0,305,1535,1035,0
0528.40,6150,35,510,2600,255,250,160,20,190,1850,1090,0
0528.41,7805,0,780,1455,490,215,265,0,375,3665,1350,0
0528.42,5065,0,310,940,180,130,170,0,340,1585,1935,20
0528.43,4335,0,170,965,160,75,150,0,190,1580,1495,0
0528.44,2320,20,260,1270,110,170,0,0,75,395,480,0
0528.45,5765,40,505,2050,655,35,335,0,275,1165,1550,0
0528.46,6845,0,290,1065,280,220,350,0,675,2710,1870,20
0528.47,5480,35,300,1835,320,225,430,0,205,1595,1360,0
0528.48,6990,0,530,1175,365,200,355,0,155,3840,1400,0
0528.49,4520,0,630,1785,365,125,140,20,420,1160,725,165
0529.01,3770,30,530,895,420,230,105,0,45,1810,190,0
0529.02,4520,0,385,995,510,200,80,0,30,2600,240,25
0530.01,5235,0,210,1075,1390,350,205,0,170,2220,175,40
0530.02,3320,45,435,730,265,205,105,0,0,1815,75,0
0531.01,4255,0,495,740,965,535,170,0,130,1900,95,0
0531.02,6940,15,750,1490,1100,270,390,0,195,3245,150,0
0532.01,4395,0,590,720,605,95,125,0,0,2460,165,50
0532.02,4665,55,375,620,975,295,135,0,170,2370,120,0
0540.01,5025,115,1120,3820,160,70,190,0,225,70,325,0
0540.02,5400,200,1625,4175,85,100,120,0,65,195,385,0
0550.01,4420,80,1295,3225,230,95,65,0,110,210,260,0
0550.02,7365,120,1295,5070,205,165,115,0,215,645,1035,0
0560.00,6200,175,1355,3300,620,335,215,0,0,1110,550,0
0561.00,5840,90,1135,2730,455,285,350,35,180,1375,420,0
0562.02,6610,90,1105,3785,350,230,235,0,140,1485,625,0
0562.03,5055,80,885,2575,700,335,215,0,55,1105,385,0
0562.04,4620,85,685,2570,335,295,70,0,15,1185,355,0
0562.05,5505,40,970,2910,525,180,245,0,115,950,705,35
0562.06,3170,30,915,1860,150,120,70,0,20,560,185,0
0562.07,4655,80,1055,1785,350,400,110,0,50,1350,270,0
0562.08,4240,70,1035,2485,625,370,145,0,65,435,125,0
0562.09,3925,85,670,2230,340,170,105,0,0,715,340,0
0562.11,3175,0,545,1865,215,250,60,0,45,380,420,0
0562.12,6505,125,795,2300,505,350,605,0,375,2015,515,50
0562.13,1185,55,145,500,315,80,15,0,0,170,165,0
0562.14,4155,100,675,1670,330,235,195,0,0,1560,225,0
0562.15,3790,35,460,1310,590,45,170,0,85,1315,285,0
0563.01,7085,50,530,1325,660,355,515,0,245,3610,345,70
0563.02,3085,65,615,1540,175,175,180,0,10,650,300,0
0564.01,2300,20,625,1375,115,170,0,0,0,160,280,20
0564.02,5025,60,805,1880,735,380,190,0,40,1465,475,15
0570.01,3230,85,540,1280,860,115,220,0,220,425,195,0
0570.02,3590,85,965,2990,25,90,0,0,0,60,125,0
0571.01,3880,185,930,1955,375,50,240,0,75,690,120,0
0571.02,3915,50,760,2940,70,115,50,0,165,170,120,0
0572.01,6830,100,1770,4440,690,315,180,0,100,655,190,0
0572.04,3210,35,470,1340,325,180,75,0,95,725,310,105
0572.05,6235,50,640,2015,570,220,305,0,150,2540,470,0
0572.07,4810,30,630,1125,470,150,490,0,70,1935,340,275
0572.08,5410,60,305,830,695,255,235,0,0,3515,190,25
0572.09,3745,0,475,1230,670,15,300,0,35,880,295,325
0572.10,3760,0,290,885,290,85,280,0,0,1235,430,605
0573.03,6410,120,1365,3035,885,200,575,10,150,1285,410,0
0573.05,5685,125,1110,3335,430,275,135,15,50,830,360,120
0573.06,4795,10,585,1900,810,195,355,25,30,1145,585,0
0573.07,5985,190,1480,3115,950,190,470,0,45,720,290,0
0573.09,5975,80,945,1850,1055,130,555,0,80,2025,370,0
0573.10,3115,0,325,1170,275,195,210,0,200,1030,290,0
0573.11,5185,0,715,770,900,190,400,0,105,2145,420,75
0574.00,5955,235,1390,4330,480,175,225,0,40,390,335,0
0575.01,6190,180,1025,2945,950,465,335,0,45,1175,560,0
0575.02,4525,175,810,2380,395,205,165,0,135,745,335,0
0575.03,6795,320,1440,2865,975,305,355,0,140,1690,405,0
0575.04,6350,100,1520,4010,500,325,100,0,80,600,475,0
0575.05,6995,155,1195,3040,1120,350,535,0,190,1600,620,0
0575.07,3825,70,230,685,260,230,75,0,160,2245,450,0
0575.08,6005,35,850,2065,510,350,370,0,170,2260,525,0
0576.04,4405,95,940,3150,285,95,75,0,0,480,165,0
0576.05,6940,160,1270,2475,770,340,250,0,120,2610,450,0
0576.06,6965,85,1205,3365,655,215,215,0,175,1625,675,0
0576.07,4575,35,590,2585,475,120,220,0,140,1035,205,10
0576.09,4010,185,1100,2975,185,210,90,0,0,325,220,30
0576.10,7015,90,725,1960,615,395,290,0,85,3305,480,25
0576.16,6665,15,465,1290,850,305,280,0,240,3780,325,0
0576.17,6905,65,505,1380,985,180,275,0,50,3880,485,0
0576.18,11900,30,885,1175,1515,245,635,0,295,7590,800,40
0576.20,6875,10,575,885,605,285,185,20,95,4425,570,90
0576.22,7795,30,515,1630,745,130,480,25,120,4630,395,0
0576.24,8175,0,580,2870,585,410,275,0,445,3510,380,25
0576.29,4350,50,620,1410,1005,275,445,0,95,1140,370,25
0576.30,15990,105,1645,4390,2040,480,1115,0,390,6655,2195,185
0576.31,3565,30,825,2265,250,75,125,0,35,420,200,0
0576.32,9280,95,1050,3745,1520,445,815,0,225,2435,840,0
0576.33,2765,30,830,1760,155,40,15,0,0,420,130,20
0576.34,5980,90,770,2320,1120,345,260,0,185,1480,455,30
0576.35,13530,40,510,1295,1690,340,1030,0,385,8760,600,15
0576.36,10610,0,700,1395,785,420,635,0,265,6735,725,80
0576.37,13335,85,600,1275,1130,470,595,0,985,8595,665,15
0576.38,13715,35,685,1425,1140,420,980,0,780,8635,805,0
0576.39,11130,45,595,1475,1075,270,980,10,690,6425,765,0
0576.40,7395,0,570,725,510,155,510,0,165,4545,915,15
0576.41,7945,75,510,2030,1710,360,725,0,140,3350,695,0
0576.42,8875,65,570,2350,1715,535,460,10,210,3640,950,45
0576.43,6495,40,655,2075,1015,190,350,0,120,2490,555,25
0576.44,2660,15,250,1150,730,20,220,0,15,550,360,0
0576.45,3035,0,190,415,530,110,90,0,30,1865,220,0
0576.46,5505,0,580,755,445,240,300,0,320,3170,230,0
0576.47,3315,0,180,435,190,135,175,20,25,1950,425,0
0576.48,10335,45,545,1565,915,635,605,0,410,6145,500,100
0576.49,4760,50,390,1430,720,150,350,0,70,1855,535,70
0576.50,6690,40,610,1905,1290,425,660,0,85,2415,505,0
0576.51,10050,45,795,2445,1980,310,850,0,60,3820,1340,75
0585.02,6305,135,1015,5155,200,175,80,0,125,435,100,0
0585.03,5450,25,1385,4580,45,130,0,0,60,135,70,0
0585.05,7360,110,1915,6240,90,260,50,0,80,90,165,0
0585.07,5315,65,1185,4520,85,120,0,0,70,115,60,0
0585.08,3730,35,1075,2960,20,60,20,0,20,65,115,0
0585.09,5840,70,1210,4990,145,20,20,15,115,105,60,0
0585.10,4270,0,580,3530,100,100,25,0,80,230,215,0
0586.01,6350,40,1160,4705,435,140,125,20,30,560,250,0
0586.02,2920,105,800,2335,25,45,0,0,0,205,50,0
0587.01,6020,200,1545,5270,205,45,75,0,30,190,90,0
0587.02,5410,95,1805,4420,90,55,60,30,20,110,120,0
0590.00,4930,270,1560,3995,25,150,0,0,15,60,195,0
0591.01,5150,190,1660,4290,80,30,15,0,20,65,45,0
0591.02,4940,155,1970,3965,55,20,25,35,30,15,40,0
0592.01,6875,170,2525,5260,350,35,45,0,30,215,225,0
0592.02,5670,160,2555,4245,40,70,35,35,20,35,120,0
0593.00,7490,115,2525,6230,140,50,25,0,45,85,125,0
0600.01,6270,65,1665,5370,80,85,85,40,75,150,320,0
0600.02,7210,45,1280,4245,265,75,215,0,390,910,1005,0
0601.00,3925,65,985,3365,70,25,60,0,55,90,215,0
0602.00,4745,30,1080,3935,95,45,60,0,75,160,175,0
0603.00,4620,55,1175,3360,105,160,105,0,90,190,345,10
0604.00,2255,35,520,1925,25,0,95,20,70,20,25,0
0605.00,2140,15,470,1715,20,20,15,0,55,40,110,0
0606.00,4985,245,790,3725,105,75,280,10,185,280,240,0
0607.00,3165,25,555,2660,30,85,25,0,25,175,165,0
0608.00,2340,90,530,1845,55,45,0,0,0,115,140,0
0609.00,2785,50,585,2410,75,40,40,0,30,30,80,0
0610.02,8465,75,1665,6140,185,250,290,0,200,560,945,0
0610.03,4080,70,715,3610,35,40,80,0,30,60,105,0
0610.04,2950,65,745,2295,100,0,65,10,40,20,225,0
0611.00,4920,65,1280,4085,80,90,25,30,130,70,195,0
0612.03,6455,25,1265,4220,295,190,135,65,265,590,625,10
0612.05,5895,15,1145,4590,140,85,270,0,290,260,300,0
0612.07,8165,100,1985,5855,230,175,255,55,395,465,675,15
0612.08,5430,15,830,3240,125,205,170,0,160,955,865,0
0612.11,5960,25,1510,4195,300,55,50,0,115,370,525,0
0612.12,6925,165,1405,5500,290,135,200,0,165,450,795,0
0612.13,3920,35,845,3180,105,30,45,0,95,140,185,0
0612.14,4470,85,770,3315,125,80,165,35,220,285,445,0
0612.15,5760,180,870,3560,265,235,345,0,250,740,565,0
0612.18,4300,85,715,3045,90,145,120,0,305,380,345,0
0612.19,3860,85,580,2580,145,235,55,0,140,300,485,0
0612.20,4520,165,705,3205,125,160,115,0,235,345,440,0
0612.21,6225,60,1305,3910,255,270,255,0,295,750,555,0
0612.22,6145,55,1060,3705,185,290,195,15,155,850,690,0
0612.23,4450,20,835,2975,70,160,90,0,330,325,545,10
0612.24,7300,20,900,4125,85,145,435,30,270,1230,1245,15
0612.25,5660,35,905,3790,110,160,195,25,245,840,790,30
0613.01,4220,150,1110,3305,85,175,40,0,65,170,325,0
0613.03,3930,60,860,2890,80,75,70,0,105,320,195,0
0613.04,4395,50,820,3060,105,125,50,20,205,250,580,0
0614.01,3220,25,670,2845,45,65,50,0,90,145,30,0
0614.02,3985,65,760,3300,55,35,45,0,80,95,315,0
0615.00,350,0,85,265,0,0,0,0,0,0,0,0
0620.01,7785,180,2080,4245,295,295,210,0,205,1515,665,0
0620.02,9350,125,2280,5020,625,430,320,0,375,1695,965,0
0620.04,24920,135,5740,12695,910,925,755,90,1515,5515,2625,115
0620.05,4560,55,1125,2535,130,130,110,0,325,890,330,25
0620.06,5610,65,995,3525,285,325,190,0,165,845,480,0
0620.07,5105,45,1055,3040,425,140,50,0,80,925,660,0
0621.00,5370,155,1990,4240,50,65,50,0,65,60,120,0
0622.00,6010,205,2090,4790,95,70,0,0,70,70,120,0
0623.00,3425,50,1340,2470,0,0,15,0,0,55,100,0
0624.00,5335,90,2280,3975,105,10,25,0,45,50,100,0
0625.00,320,0,85,245,0,0,0,0,0,0,0,0
0626.00,5785,90,1730,4925,175,40,55,0,30,130,80,0
0630.00,3130,45,875,2515,20,120,25,0,30,130,10,0
0631.02,4275,170,1255,3535,70,135,45,0,10,55,60,0
0631.03,4745,110,1600,3890,180,85,50,0,15,85,140,0
0631.04,4550,65,1200,3910,130,80,40,0,25,200,65,0
0632.00,4505,180,1330,3715,65,100,0,0,25,0,110,0
0633.00,3005,155,1035,2365,150,20,0,0,0,45,40,0
0634.01,4440,90,1505,3755,35,25,35,0,0,50,85,0
0634.02,3750,75,1250,2905,0,0,55,35,0,0,35,0
0635.00,5885,175,1685,5085,80,40,15,10,90,40,85,0
0636.00,2695,65,1045,2055,35,15,0,0,0,105,40,0
0637.00,6570,110,1965,5470,65,65,20,0,85,70,140,0
0638.00,6105,210,2275,5060,85,10,30,0,0,45,95,0
0639.00,4290,195,1530,3590,20,25,15,0,40,45,125,0
0800.01,2600,20,835,1620,395,80,65,0,0,240,65,0
0800.02,4590,90,1630,3520,280,55,35,0,50,100,110,0
0801.01,3835,85,1045,2845,290,35,70,0,35,145,275,0
0801.02,5720,60,1150,4630,390,160,95,0,70,200,270,0
0802.01,4040,80,720,2050,285,170,155,45,135,675,700,0
0802.02,5110,100,915,3140,280,135,165,0,165,710,595,0
0803.03,5410,160,845,3195,550,355,245,0,185,895,470,70
0803.04,5885,95,1055,3535,795,255,335,10,230,920,475,0
0803.05,6765,120,1315,3530,1100,275,245,0,165,1045,1070,0
0803.06,5790,105,1210,3080,590,295,90,0,180,1140,415,0
0804.01,7220,155,1375,5110,470,170,180,0,110,715,700,0
0804.05,7000,110,1905,4455,555,305,230,20,200,790,625,0
0804.06,3225,75,650,2310,580,70,120,0,95,285,125,0
0804.07,3525,115,650,2125,755,160,280,0,170,425,245,0
0804.08,3800,30,1010,2340,185,110,115,0,195,525,240,0
0804.10,4850,110,1010,3350,590,100,220,0,130,355,340,0
0804.11,5435,55,920,2585,905,435,740,0,210,1020,515,0
0804.12,3335,40,825,1655,290,375,150,0,105,670,265,0
0804.13,5110,25,660,1545,815,300,410,0,470,1310,675,0
0805.02,4980,25,1370,2815,965,335,335,0,185,495,280,0
0805.04,6665,40,1850,4055,955,155,315,30,130,480,710,0
0805.05,5605,110,1040,2900,875,280,285,100,315,1115,690,0
0805.06,5865,115,1220,2845,1465,165,270,0,245,770,605,0
0805.08,11450,110,1590,4075,2405,815,860,40,295,2725,1960,65
0805.09,5645,125,1080,2575,1070,370,250,0,250,1060,685,0
0805.10,6520,180,1480,3500,1200,250,190,0,130,925,590,0
0805.12,6500,30,895,2310,1175,450,460,0,290,1830,590,50
0805.13,12015,80,1585,4225,1920,585,570,0,490,3300,1825,75
0806.00,1700,0,600,1155,155,0,0,0,0,35,60,0
0807.00,2135,50,570,1800,10,25,20,0,0,0,45,0
0810.01,3960,50,950,2610,285,115,60,0,290,265,370,0
0810.02,2395,115,750,1935,70,20,35,30,15,0,80,0
0810.03,3195,50,1025,2615,70,80,65,0,35,90,135,0
0810.04,5650,125,1705,4450,175,115,110,10,120,170,270,0
0810.05,3820,75,965,2930,245,30,70,0,65,275,130,0
0811.00,3600,135,970,2300,495,125,90,0,90,130,290,0
0812.00,5875,220,1575,3975,635,100,190,0,110,710,400,0
0820.01,5105,75,1020,2130,1430,360,280,0,125,890,455,0
0820.02,6460,190,1495,4270,545,225,145,90,420,490,415,25
0820.03,3930,20,770,2180,460,400,115,0,115,630,220,0
0831.01,5810,135,2270,4825,60,25,0,0,30,45,85,0
0831.02,6330,140,2180,5325,55,35,0,15,25,40,105,0
0832.00,3760,85,1195,3170,75,130,25,0,0,0,75,0
